<?xml version='1.0'?>
<module>
	<name>YetiForce Fonts v2</name>
	<label>YetiForce Fonts v2</label>
	<type>font</type>
	<version>2</version>
	<fonts>
		<font>
			<family>Noto Sans</family>
			<weight>900</weight>
			<style>normal</style>
			<file>NotoSans-Black.ttf</file>
		</font>
		<font>
			<family>Noto Sans</family>
			<weight>900</weight>
			<style>italic</style>
			<file>NotoSans-BlackItalic.ttf</file>
		</font>
		<font>
			<family>Noto Sans</family>
			<weight>700</weight>
			<style>normal</style>
			<file>NotoSans-Bold.ttf</file>
		</font>
		<font>
			<family>Noto Sans</family>
			<weight>700</weight>
			<style>italic</style>
			<file>NotoSans-BoldItalic.ttf</file>
		</font>
		<font>
			<family>Noto Sans</family>
			<weight>800</weight>
			<style>normal</style>
			<file>NotoSans-ExtraBold.ttf</file>
		</font>
		<font>
			<family>Noto Sans</family>
			<weight>800</weight>
			<style>italic</style>
			<file>NotoSans-ExtraBoldItalic.ttf</file>
		</font>
		<font>
			<family>Noto Sans</family>
			<weight>200</weight>
			<style>normal</style>
			<file>NotoSans-ExtraLight.ttf</file>
		</font>
		<font>
			<family>Noto Sans</family>
			<weight>200</weight>
			<style>italic</style>
			<file>NotoSans-ExtraLightItalic.ttf</file>
		</font>
		<font>
			<family>Noto Sans</family>
			<weight>400</weight>
			<style>italic</style>
			<file>NotoSans-Italic.ttf</file>
		</font>
		<font>
			<family>Noto Sans</family>
			<weight>300</weight>
			<style>normal</style>
			<file>NotoSans-Light.ttf</file>
		</font>
		<font>
			<family>Noto Sans</family>
			<weight>300</weight>
			<style>italic</style>
			<file>NotoSans-LightItalic.ttf</file>
		</font>
		<font>
			<family>Noto Sans</family>
			<weight>500</weight>
			<style>normal</style>
			<file>NotoSans-Medium.ttf</file>
		</font>
		<font>
			<family>Noto Sans</family>
			<weight>500</weight>
			<style>italic</style>
			<file>NotoSans-MediumItalic.ttf</file>
		</font>
		<font>
			<family>Noto Sans</family>
			<weight>400</weight>
			<style>normal</style>
			<file>NotoSans-Regular.ttf</file>
		</font>
		<font>
			<family>Noto Sans</family>
			<weight>600</weight>
			<style>normal</style>
			<file>NotoSans-SemiBold.ttf</file>
		</font>
		<font>
			<family>Noto Sans</family>
			<weight>600</weight>
			<style>italic</style>
			<file>NotoSans-SemiBoldItalic.ttf</file>
		</font>
		<font>
			<family>Noto Sans</family>
			<weight>100</weight>
			<style>normal</style>
			<file>NotoSans-Thin.ttf</file>
		</font>
		<font>
			<family>Noto Sans</family>
			<weight>100</weight>
			<style>italic</style>
			<file>NotoSans-ThinItalic.ttf</file>
		</font>
		<font>
			<family>Noto Serif Semi</family>
			<weight>900</weight>
			<style>normal</style>
			<file>NotoSerif-Black.ttf</file>
		</font>
		<font>
			<family>Noto Serif Semi</family>
			<weight>900</weight>
			<style>italic</style>
			<file>NotoSerif-BlackItalic.ttf</file>
		</font>
		<font>
			<family>Noto Serif Semi</family>
			<weight>700</weight>
			<style>normal</style>
			<file>NotoSerif-Bold.ttf</file>
		</font>
		<font>
			<family>Noto Serif Semi</family>
			<weight>700</weight>
			<style>italic</style>
			<file>NotoSerif-BoldItalic.ttf</file>
		</font>
		<font>
			<family>Noto Serif Semi</family>
			<weight>800</weight>
			<style>normal</style>
			<file>NotoSerif-ExtraBold.ttf</file>
		</font>
		<font>
			<family>Noto Serif Semi</family>
			<weight>800</weight>
			<style>italic</style>
			<file>NotoSerif-ExtraBoldItalic.ttf</file>
		</font>
		<font>
			<family>Noto Serif Semi</family>
			<weight>200</weight>
			<style>normal</style>
			<file>NotoSerif-ExtraLight.ttf</file>
		</font>
		<font>
			<family>Noto Serif Semi</family>
			<weight>200</weight>
			<style>italic</style>
			<file>NotoSerif-ExtraLightItalic.ttf</file>
		</font>
		<font>
			<family>Noto Serif Semi</family>
			<weight>400</weight>
			<style>italic</style>
			<file>NotoSerif-Italic.ttf</file>
		</font>
		<font>
			<family>Noto Serif Semi</family>
			<weight>300</weight>
			<style>normal</style>
			<file>NotoSerif-Light.ttf</file>
		</font>
		<font>
			<family>Noto Serif Semi</family>
			<weight>300</weight>
			<style>italic</style>
			<file>NotoSerif-LightItalic.ttf</file>
		</font>
		<font>
			<family>Noto Serif Semi</family>
			<weight>500</weight>
			<style>normal</style>
			<file>NotoSerif-Medium.ttf</file>
		</font>
		<font>
			<family>Noto Serif Semi</family>
			<weight>500</weight>
			<style>italic</style>
			<file>NotoSerif-MediumItalic.ttf</file>
		</font>
		<font>
			<family>Noto Serif Semi</family>
			<weight>400</weight>
			<style>normal</style>
			<file>NotoSerif-Regular.ttf</file>
		</font>
		<font>
			<family>Noto Serif Semi</family>
			<weight>600</weight>
			<style>normal</style>
			<file>NotoSerif-SemiBold.ttf</file>
		</font>
		<font>
			<family>Noto Serif Semi</family>
			<weight>600</weight>
			<style>italic</style>
			<file>NotoSerif-SemiBoldItalic.ttf</file>
		</font>
		<font>
			<family>Noto Serif Semi</family>
			<weight>100</weight>
			<style>normal</style>
			<file>NotoSerif-Thin.ttf</file>
		</font>
		<font>
			<family>Noto Serif Semi</family>
			<weight>100</weight>
			<style>italic</style>
			<file>NotoSerif-ThinItalic.ttf</file>
		</font>
		<font>
			<family>Open Sans</family>
			<weight>700</weight>
			<style>normal</style>
			<file>OpenSans-Bold.ttf</file>
		</font>
		<font>
			<family>Open Sans</family>
			<weight>700</weight>
			<style>italic</style>
			<file>OpenSans-BoldItalic.ttf</file>
		</font>
		<font>
			<family>Open Sans</family>
			<weight>800</weight>
			<style>normal</style>
			<file>OpenSans-ExtraBold.ttf</file>
		</font>
		<font>
			<family>Open Sans</family>
			<weight>900</weight>
			<style>normal</style>
			<file>OpenSans-ExtraBold.ttf</file>
		</font>
		<font>
			<family>Open Sans</family>
			<weight>800</weight>
			<style>italic</style>
			<file>OpenSans-ExtraBoldItalic.ttf</file>
		</font>
		<font>
			<family>Open Sans</family>
			<weight>900</weight>
			<style>italic</style>
			<file>OpenSans-ExtraBoldItalic.ttf</file>
		</font>
		<font>
			<family>Open Sans</family>
			<weight>400</weight>
			<style>italic</style>
			<file>OpenSans-Italic.ttf</file>
		</font>
		<font>
			<family>Open Sans</family>
			<weight>100</weight>
			<style>normal</style>
			<file>OpenSans-Light.ttf</file>
		</font>
		<font>
			<family>Open Sans</family>
			<weight>200</weight>
			<style>normal</style>
			<file>OpenSans-Light.ttf</file>
		</font>
		<font>
			<family>Open Sans</family>
			<weight>300</weight>
			<style>normal</style>
			<file>OpenSans-Light.ttf</file>
		</font>
		<font>
			<family>Open Sans</family>
			<weight>100</weight>
			<style>italic</style>
			<file>OpenSans-LightItalic.ttf</file>
		</font>
		<font>
			<family>Open Sans</family>
			<weight>200</weight>
			<style>italic</style>
			<file>OpenSans-LightItalic.ttf</file>
		</font>
		<font>
			<family>Open Sans</family>
			<weight>300</weight>
			<style>italic</style>
			<file>OpenSans-LightItalic.ttf</file>
		</font>
		<font>
			<family>Open Sans</family>
			<weight>400</weight>
			<style>normal</style>
			<file>OpenSans-Regular.ttf</file>
		</font>
		<font>
			<family>Open Sans</family>
			<weight>500</weight>
			<style>normal</style>
			<file>OpenSans-Semibold.ttf</file>
		</font>
		<font>
			<family>Open Sans</family>
			<weight>600</weight>
			<style>normal</style>
			<file>OpenSans-Semibold.ttf</file>
		</font>
		<font>
			<family>Open Sans</family>
			<weight>500</weight>
			<style>italic</style>
			<file>OpenSans-SemiboldItalic.ttf</file>
		</font>
		<font>
			<family>Open Sans</family>
			<weight>600</weight>
			<style>italic</style>
			<file>OpenSans-SemiboldItalic.ttf</file>
		</font>
		<font>
			<family>PT Sans Narrow</family>
			<weight>700</weight>
			<style>normal</style>
			<file>PT_Sans-Bold.ttf</file>
		</font>
		<font>
			<family>PT Sans Narrow</family>
			<weight>800</weight>
			<style>normal</style>
			<file>PT_Sans-Bold.ttf</file>
		</font>
		<font>
			<family>PT Sans Narrow</family>
			<weight>900</weight>
			<style>normal</style>
			<file>PT_Sans-Bold.ttf</file>
		</font>
		<font>
			<family>PT Sans Narrow</family>
			<weight>700</weight>
			<style>italic</style>
			<file>PT_Sans-BoldItalic.ttf</file>
		</font>
		<font>
			<family>PT Sans Narrow</family>
			<weight>800</weight>
			<style>italic</style>
			<file>PT_Sans-BoldItalic.ttf</file>
		</font>
		<font>
			<family>PT Sans Narrow</family>
			<weight>900</weight>
			<style>italic</style>
			<file>PT_Sans-BoldItalic.ttf</file>
		</font>
		<font>
			<family>PT Sans Narrow</family>
			<weight>100</weight>
			<style>italic</style>
			<file>PT_Sans-Italic.ttf</file>
		</font>
		<font>
			<family>PT Sans Narrow</family>
			<weight>200</weight>
			<style>italic</style>
			<file>PT_Sans-Italic.ttf</file>
		</font>
		<font>
			<family>PT Sans Narrow</family>
			<weight>300</weight>
			<style>italic</style>
			<file>PT_Sans-Italic.ttf</file>
		</font>
		<font>
			<family>PT Sans Narrow</family>
			<weight>400</weight>
			<style>italic</style>
			<file>PT_Sans-Italic.ttf</file>
		</font>
		<font>
			<family>PT Sans Narrow</family>
			<weight>500</weight>
			<style>italic</style>
			<file>PT_Sans-Italic.ttf</file>
		</font>
		<font>
			<family>PT Sans Narrow</family>
			<weight>600</weight>
			<style>italic</style>
			<file>PT_Sans-Italic.ttf</file>
		</font>
		<font>
			<family>PT Sans Narrow</family>
			<weight>100</weight>
			<style>normal</style>
			<file>PT_Sans-Regular.ttf</file>
		</font>
		<font>
			<family>PT Sans Narrow</family>
			<weight>200</weight>
			<style>normal</style>
			<file>PT_Sans-Regular.ttf</file>
		</font>
		<font>
			<family>PT Sans Narrow</family>
			<weight>300</weight>
			<style>normal</style>
			<file>PT_Sans-Regular.ttf</file>
		</font>
		<font>
			<family>PT Sans Narrow</family>
			<weight>400</weight>
			<style>normal</style>
			<file>PT_Sans-Regular.ttf</file>
		</font>
		<font>
			<family>PT Sans Narrow</family>
			<weight>500</weight>
			<style>normal</style>
			<file>PT_Sans-Regular.ttf</file>
		</font>
		<font>
			<family>PT Sans Narrow</family>
			<weight>600</weight>
			<style>normal</style>
			<file>PT_Sans-Regular.ttf</file>
		</font>
		<font>
			<family>PT Serif</family>
			<weight>700</weight>
			<style>normal</style>
			<file>PT_Serif-Bold.ttf</file>
		</font>
		<font>
			<family>PT Serif</family>
			<weight>800</weight>
			<style>normal</style>
			<file>PT_Serif-Bold.ttf</file>
		</font>
		<font>
			<family>PT Serif</family>
			<weight>900</weight>
			<style>normal</style>
			<file>PT_Serif-Bold.ttf</file>
		</font>
		<font>
			<family>PT Serif</family>
			<weight>700</weight>
			<style>italic</style>
			<file>PT_Serif-BoldItalic.ttf</file>
		</font>
		<font>
			<family>PT Serif</family>
			<weight>800</weight>
			<style>italic</style>
			<file>PT_Serif-BoldItalic.ttf</file>
		</font>
		<font>
			<family>PT Serif</family>
			<weight>900</weight>
			<style>italic</style>
			<file>PT_Serif-BoldItalic.ttf</file>
		</font>
		<font>
			<family>PT Serif</family>
			<weight>100</weight>
			<style>italic</style>
			<file>PT_Serif-Italic.ttf</file>
		</font>
		<font>
			<family>PT Serif</family>
			<weight>200</weight>
			<style>italic</style>
			<file>PT_Serif-Italic.ttf</file>
		</font>
		<font>
			<family>PT Serif</family>
			<weight>300</weight>
			<style>italic</style>
			<file>PT_Serif-Italic.ttf</file>
		</font>
		<font>
			<family>PT Serif</family>
			<weight>400</weight>
			<style>italic</style>
			<file>PT_Serif-Italic.ttf</file>
		</font>
		<font>
			<family>PT Serif</family>
			<weight>500</weight>
			<style>italic</style>
			<file>PT_Serif-Italic.ttf</file>
		</font>
		<font>
			<family>PT Serif</family>
			<weight>600</weight>
			<style>italic</style>
			<file>PT_Serif-Italic.ttf</file>
		</font>
		<font>
			<family>PT Serif</family>
			<weight>100</weight>
			<style>normal</style>
			<file>PT_Serif-Regular.ttf</file>
		</font>
		<font>
			<family>PT Serif</family>
			<weight>200</weight>
			<style>normal</style>
			<file>PT_Serif-Regular.ttf</file>
		</font>
		<font>
			<family>PT Serif</family>
			<weight>300</weight>
			<style>normal</style>
			<file>PT_Serif-Regular.ttf</file>
		</font>
		<font>
			<family>PT Serif</family>
			<weight>400</weight>
			<style>normal</style>
			<file>PT_Serif-Regular.ttf</file>
		</font>
		<font>
			<family>PT Serif</family>
			<weight>500</weight>
			<style>normal</style>
			<file>PT_Serif-Regular.ttf</file>
		</font>
		<font>
			<family>PT Serif</family>
			<weight>600</weight>
			<style>normal</style>
			<file>PT_Serif-Regular.ttf</file>
		</font>
		<font>
			<family>Roboto</family>
			<weight>800</weight>
			<style>normal</style>
			<file>Roboto-Black.ttf</file>
		</font>
		<font>
			<family>Roboto</family>
			<weight>900</weight>
			<style>normal</style>
			<file>Roboto-Black.ttf</file>
		</font>
		<font>
			<family>Roboto</family>
			<weight>800</weight>
			<style>italic</style>
			<file>Roboto-BlackItalic.ttf</file>
		</font>
		<font>
			<family>Roboto</family>
			<weight>900</weight>
			<style>italic</style>
			<file>Roboto-BlackItalic.ttf</file>
		</font>
		<font>
			<family>Roboto</family>
			<weight>700</weight>
			<style>normal</style>
			<file>Roboto-Bold.ttf</file>
		</font>
		<font>
			<family>Roboto</family>
			<weight>700</weight>
			<style>italic</style>
			<file>Roboto-BoldItalic.ttf</file>
		</font>
		<font>
			<family>Roboto</family>
			<weight>400</weight>
			<style>italic</style>
			<file>Roboto-Italic.ttf</file>
		</font>
		<font>
			<family>Roboto</family>
			<weight>300</weight>
			<style>normal</style>
			<file>Roboto-Light.ttf</file>
		</font>
		<font>
			<family>Roboto</family>
			<weight>300</weight>
			<style>italic</style>
			<file>Roboto-LightItalic.ttf</file>
		</font>
		<font>
			<family>Roboto</family>
			<weight>500</weight>
			<style>normal</style>
			<file>Roboto-Medium.ttf</file>
		</font>
		<font>
			<family>Roboto</family>
			<weight>600</weight>
			<style>normal</style>
			<file>Roboto-Medium.ttf</file>
		</font>
		<font>
			<family>Roboto</family>
			<weight>500</weight>
			<style>italic</style>
			<file>Roboto-MediumItalic.ttf</file>
		</font>
		<font>
			<family>Roboto</family>
			<weight>600</weight>
			<style>italic</style>
			<file>Roboto-MediumItalic.ttf</file>
		</font>
		<font>
			<family>Roboto</family>
			<weight>400</weight>
			<style>normal</style>
			<file>Roboto-Regular.ttf</file>
		</font>
		<font>
			<family>Roboto</family>
			<weight>100</weight>
			<style>normal</style>
			<file>Roboto-Thin.ttf</file>
		</font>
		<font>
			<family>Roboto</family>
			<weight>200</weight>
			<style>normal</style>
			<file>Roboto-Thin.ttf</file>
		</font>
		<font>
			<family>Roboto</family>
			<weight>100</weight>
			<style>italic</style>
			<file>Roboto-ThinItalic.ttf</file>
		</font>
		<font>
			<family>Roboto</family>
			<weight>200</weight>
			<style>italic</style>
			<file>Roboto-ThinItalic.ttf</file>
		</font>
		<font>
			<family>Source Code Pro</family>
			<weight>800</weight>
			<style>normal</style>
			<file>SourceCodePro-Black.ttf</file>
		</font>
		<font>
			<family>Source Code Pro</family>
			<weight>900</weight>
			<style>normal</style>
			<file>SourceCodePro-Black.ttf</file>
		</font>
		<font>
			<family>Source Code Pro</family>
			<weight>800</weight>
			<style>italic</style>
			<file>SourceCodePro-BlackItalic.ttf</file>
		</font>
		<font>
			<family>Source Code Pro</family>
			<weight>900</weight>
			<style>italic</style>
			<file>SourceCodePro-BlackItalic.ttf</file>
		</font>
		<font>
			<family>Source Code Pro</family>
			<weight>700</weight>
			<style>normal</style>
			<file>SourceCodePro-Bold.ttf</file>
		</font>
		<font>
			<family>Source Code Pro</family>
			<weight>700</weight>
			<style>italic</style>
			<file>SourceCodePro-BoldItalic.ttf</file>
		</font>
		<font>
			<family>Source Code Pro</family>
			<weight>100</weight>
			<style>normal</style>
			<file>SourceCodePro-ExtraLight.ttf</file>
		</font>
		<font>
			<family>Source Code Pro</family>
			<weight>200</weight>
			<style>normal</style>
			<file>SourceCodePro-ExtraLight.ttf</file>
		</font>
		<font>
			<family>Source Code Pro</family>
			<weight>100</weight>
			<style>italic</style>
			<file>SourceCodePro-ExtraLightItalic.ttf</file>
		</font>
		<font>
			<family>Source Code Pro</family>
			<weight>200</weight>
			<style>italic</style>
			<file>SourceCodePro-ExtraLightItalic.ttf</file>
		</font>
		<font>
			<family>Source Code Pro</family>
			<weight>400</weight>
			<style>italic</style>
			<file>SourceCodePro-Italic.ttf</file>
		</font>
		<font>
			<family>Source Code Pro</family>
			<weight>300</weight>
			<style>normal</style>
			<file>SourceCodePro-Light.ttf</file>
		</font>
		<font>
			<family>Source Code Pro</family>
			<weight>300</weight>
			<style>italic</style>
			<file>SourceCodePro-LightItalic.ttf</file>
		</font>
		<font>
			<family>Source Code Pro</family>
			<weight>500</weight>
			<style>normal</style>
			<file>SourceCodePro-Medium.ttf</file>
		</font>
		<font>
			<family>Source Code Pro</family>
			<weight>500</weight>
			<style>italic</style>
			<file>SourceCodePro-MediumItalic.ttf</file>
		</font>
		<font>
			<family>Source Code Pro</family>
			<weight>400</weight>
			<style>normal</style>
			<file>SourceCodePro-Regular.ttf</file>
		</font>
		<font>
			<family>Source Code Pro</family>
			<weight>600</weight>
			<style>normal</style>
			<file>SourceCodePro-SemiBold.ttf</file>
		</font>
		<font>
			<family>Source Code Pro</family>
			<weight>600</weight>
			<style>italic</style>
			<file>SourceCodePro-SemiBoldItalic.ttf</file>
		</font>
		<font>
			<family>Source Sans Pro</family>
			<weight>800</weight>
			<style>normal</style>
			<file>SourceSansPro-Black.ttf</file>
		</font>
		<font>
			<family>Source Sans Pro</family>
			<weight>900</weight>
			<style>normal</style>
			<file>SourceSansPro-Black.ttf</file>
		</font>
		<font>
			<family>Source Sans Pro</family>
			<weight>800</weight>
			<style>italic</style>
			<file>SourceSansPro-BlackItalic.ttf</file>
		</font>
		<font>
			<family>Source Sans Pro</family>
			<weight>900</weight>
			<style>italic</style>
			<file>SourceSansPro-BlackItalic.ttf</file>
		</font>
		<font>
			<family>Source Sans Pro</family>
			<weight>700</weight>
			<style>normal</style>
			<file>SourceSansPro-Bold.ttf</file>
		</font>
		<font>
			<family>Source Sans Pro</family>
			<weight>700</weight>
			<style>italic</style>
			<file>SourceSansPro-BoldItalic.ttf</file>
		</font>
		<font>
			<family>Source Sans Pro</family>
			<weight>100</weight>
			<style>normal</style>
			<file>SourceSansPro-ExtraLight.ttf</file>
		</font>
		<font>
			<family>Source Sans Pro</family>
			<weight>200</weight>
			<style>normal</style>
			<file>SourceSansPro-ExtraLight.ttf</file>
		</font>
		<font>
			<family>Source Sans Pro</family>
			<weight>100</weight>
			<style>italic</style>
			<file>SourceSansPro-ExtraLightItalic.ttf</file>
		</font>
		<font>
			<family>Source Sans Pro</family>
			<weight>200</weight>
			<style>italic</style>
			<file>SourceSansPro-ExtraLightItalic.ttf</file>
		</font>
		<font>
			<family>Source Sans Pro</family>
			<weight>400</weight>
			<style>italic</style>
			<file>SourceSansPro-Italic.ttf</file>
		</font>
		<font>
			<family>Source Sans Pro</family>
			<weight>300</weight>
			<style>normal</style>
			<file>SourceSansPro-Light.ttf</file>
		</font>
		<font>
			<family>Source Sans Pro</family>
			<weight>300</weight>
			<style>italic</style>
			<file>SourceSansPro-LightItalic.ttf</file>
		</font>
		<font>
			<family>Source Sans Pro</family>
			<weight>400</weight>
			<style>normal</style>
			<file>SourceSansPro-Regular.ttf</file>
		</font>
		<font>
			<family>Source Sans Pro</family>
			<weight>500</weight>
			<style>normal</style>
			<file>SourceSansPro-SemiBold.ttf</file>
		</font>
		<font>
			<family>Source Sans Pro</family>
			<weight>600</weight>
			<style>normal</style>
			<file>SourceSansPro-SemiBold.ttf</file>
		</font>
		<font>
			<family>Source Sans Pro</family>
			<weight>500</weight>
			<style>italic</style>
			<file>SourceSansPro-SemiBoldItalic.ttf</file>
		</font>
		<font>
			<family>Source Sans Pro</family>
			<weight>600</weight>
			<style>italic</style>
			<file>SourceSansPro-SemiBoldItalic.ttf</file>
		</font>
		<font>
			<family>Source Serif Pro</family>
			<weight>800</weight>
			<style>normal</style>
			<file>SourceSerifPro-Black.ttf</file>
		</font>
		<font>
			<family>Source Serif Pro</family>
			<weight>900</weight>
			<style>normal</style>
			<file>SourceSerifPro-Black.ttf</file>
		</font>
		<font>
			<family>Source Serif Pro</family>
			<weight>800</weight>
			<style>italic</style>
			<file>SourceSerifPro-BlackItalic.ttf</file>
		</font>
		<font>
			<family>Source Serif Pro</family>
			<weight>900</weight>
			<style>italic</style>
			<file>SourceSerifPro-BlackItalic.ttf</file>
		</font>
		<font>
			<family>Source Serif Pro</family>
			<weight>700</weight>
			<style>normal</style>
			<file>SourceSerifPro-Bold.ttf</file>
		</font>
		<font>
			<family>Source Serif Pro</family>
			<weight>700</weight>
			<style>italic</style>
			<file>SourceSerifPro-BoldItalic.ttf</file>
		</font>
		<font>
			<family>Source Serif Pro</family>
			<weight>100</weight>
			<style>normal</style>
			<file>SourceSerifPro-ExtraLight.ttf</file>
		</font>
		<font>
			<family>Source Serif Pro</family>
			<weight>200</weight>
			<style>normal</style>
			<file>SourceSerifPro-ExtraLight.ttf</file>
		</font>
		<font>
			<family>Source Serif Pro</family>
			<weight>100</weight>
			<style>italic</style>
			<file>SourceSerifPro-ExtraLightItalic.ttf</file>
		</font>
		<font>
			<family>Source Serif Pro</family>
			<weight>200</weight>
			<style>italic</style>
			<file>SourceSerifPro-ExtraLightItalic.ttf</file>
		</font>
		<font>
			<family>Source Serif Pro</family>
			<weight>400</weight>
			<style>italic</style>
			<file>SourceSerifPro-Italic.ttf</file>
		</font>
		<font>
			<family>Source Serif Pro</family>
			<weight>300</weight>
			<style>normal</style>
			<file>SourceSerifPro-Light.ttf</file>
		</font>
		<font>
			<family>Source Serif Pro</family>
			<weight>300</weight>
			<style>italic</style>
			<file>SourceSerifPro-LightItalic.ttf</file>
		</font>
		<font>
			<family>Source Serif Pro</family>
			<weight>400</weight>
			<style>normal</style>
			<file>SourceSerifPro-Regular.ttf</file>
		</font>
		<font>
			<family>Source Serif Pro</family>
			<weight>500</weight>
			<style>normal</style>
			<file>SourceSerifPro-SemiBold.ttf</file>
		</font>
		<font>
			<family>Source Serif Pro</family>
			<weight>600</weight>
			<style>normal</style>
			<file>SourceSerifPro-SemiBold.ttf</file>
		</font>
		<font>
			<family>Source Serif Pro</family>
			<weight>500</weight>
			<style>italic</style>
			<file>SourceSerifPro-SemiBoldItalic.ttf</file>
		</font>
		<font>
			<family>Source Serif Pro</family>
			<weight>600</weight>
			<style>italic</style>
			<file>SourceSerifPro-SemiBoldItalic.ttf</file>
		</font>
		<font>
			<family>Titillium Web</family>
			<weight>800</weight>
			<style>normal</style>
			<file>TitilliumWeb-Black.ttf</file>
		</font>
		<font>
			<family>Titillium Web</family>
			<weight>900</weight>
			<style>normal</style>
			<file>TitilliumWeb-Black.ttf</file>
		</font>
		<font>
			<family>Titillium Web</family>
			<weight>700</weight>
			<style>normal</style>
			<file>TitilliumWeb-Bold.ttf</file>
		</font>
		<font>
			<family>Titillium Web</family>
			<weight>700</weight>
			<style>italic</style>
			<file>TitilliumWeb-BoldItalic.ttf</file>
		</font>
		<font>
			<family>Titillium Web</family>
			<weight>800</weight>
			<style>italic</style>
			<file>TitilliumWeb-BoldItalic.ttf</file>
		</font>
		<font>
			<family>Titillium Web</family>
			<weight>900</weight>
			<style>italic</style>
			<file>TitilliumWeb-BoldItalic.ttf</file>
		</font>
		<font>
			<family>Titillium Web</family>
			<weight>100</weight>
			<style>normal</style>
			<file>TitilliumWeb-ExtraLight.ttf</file>
		</font>
		<font>
			<family>Titillium Web</family>
			<weight>200</weight>
			<style>normal</style>
			<file>TitilliumWeb-ExtraLight.ttf</file>
		</font>
		<font>
			<family>Titillium Web</family>
			<weight>100</weight>
			<style>italic</style>
			<file>TitilliumWeb-ExtraLightItalic.ttf</file>
		</font>
		<font>
			<family>Titillium Web</family>
			<weight>200</weight>
			<style>italic</style>
			<file>TitilliumWeb-ExtraLightItalic.ttf</file>
		</font>
		<font>
			<family>Titillium Web</family>
			<weight>400</weight>
			<style>italic</style>
			<file>TitilliumWeb-Italic.ttf</file>
		</font>
		<font>
			<family>Titillium Web</family>
			<weight>300</weight>
			<style>normal</style>
			<file>TitilliumWeb-Light.ttf</file>
		</font>
		<font>
			<family>Titillium Web</family>
			<weight>300</weight>
			<style>italic</style>
			<file>TitilliumWeb-LightItalic.ttf</file>
		</font>
		<font>
			<family>Titillium Web</family>
			<weight>400</weight>
			<style>normal</style>
			<file>TitilliumWeb-Regular.ttf</file>
		</font>
		<font>
			<family>Titillium Web</family>
			<weight>500</weight>
			<style>normal</style>
			<file>TitilliumWeb-SemiBold.ttf</file>
		</font>
		<font>
			<family>Titillium Web</family>
			<weight>600</weight>
			<style>normal</style>
			<file>TitilliumWeb-SemiBold.ttf</file>
		</font>
		<font>
			<family>Titillium Web</family>
			<weight>500</weight>
			<style>italic</style>
			<file>TitilliumWeb-SemiBoldItalic.ttf</file>
		</font>
		<font>
			<family>Titillium Web</family>
			<weight>600</weight>
			<style>italic</style>
			<file>TitilliumWeb-SemiBoldItalic.ttf</file>
		</font>

	</fonts>
</module>
